[
  {
    "stadium_name": "Stamford Bridge",
    "lat": 51.481667,
    "lon": -0.191111,
    "team": "Chelsea"
  },
  {
    "stadium_name": "Emirates Stadium",
    "lat": 51.5549,
    "lon": -0.1084,
    "team": "Arsenal"
  },
  {
    "stadium_name": "Villa Park",
    "lat": 52.5091,
    "lon": -1.8848,
    "team": "Aston Villa"
  },
  {
    "stadium_name": "Vitality Stadium",
    "lat": 50.7352,
    "lon": -1.8383,
    "team": "Bournemouth"
  },
  {
    "stadium_name": "Brentford Community Stadium",
    "lat": 51.4908,
    "lon": -0.2887,
    "team": "Brentford"
  },
  {
    "stadium_name": "Falmer Stadium",
    "lat": 50.8618,
    "lon": -0.0833,
    "team": "Brighton & Hove Albion"
  },
  {
    "stadium_name": "Turf Moor",
    "lat": 53.7892,
    "lon": -2.2302,
    "team": "Burnley"
  },
  {
    "stadium_name": "Selhurst Park",
    "lat": 51.3983,
    "lon": -0.0855,
    "team": "Crystal Palace"
  },
  {
    "stadium_name": "Goodison Park",
    "lat": 53.4389,
    "lon": -2.9664,
    "team": "Everton"
  },
  {
    "stadium_name": "Craven Cottage",
    "lat": 51.4751,
    "lon": -0.2217,
    "team": "Fulham"
  },
  {
    "stadium_name": "Anfield",
    "lat": 53.4308,
    "lon": -2.9608,
    "team": "Liverpool"
  },
  {
    "stadium_name": "Kenilworth Road",
    "lat": 51.8842,
    "lon": -0.4314,
    "team": "Luton Town"
  },
  {
    "stadium_name": "Etihad Stadium",
    "lat": 53.4831,
    "lon": -2.2003,
    "team": "Manchester City"
  },
  {
    "stadium_name": "Old Trafford",
    "lat": 53.4631,
    "lon": -2.2913,
    "team": "Manchester United"
  },
  {
    "stadium_name": "St. James' Park",
    "lat": 54.9756,
    "lon": -1.6217,
    "team": "Newcastle United"
  },
  {
    "stadium_name": "City Ground",
    "lat": 52.9399,
    "lon": -1.1327,
    "team": "Nottingham Forest"
  },
  {
    "stadium_name": "Bramall Lane",
    "lat": 53.3703,
    "lon": -1.4708,
    "team": "Sheffield United"
  },
  {
    "stadium_name": "St. Mary's Stadium",
    "lat": 50.9058,
    "lon": -1.3911,
    "team": "Southampton"
  },
  {
    "stadium_name": "Tottenham Hotspur Stadium",
    "lat": 51.6044,
    "lon": -0.0663,
    "team": "Tottenham Hotspur"
  },
  {
    "stadium_name": "London Stadium",
    "lat": 51.5387,
    "lon": -0.0166,
    "team": "West Ham United"
  },
  {
    "stadium_name": "Estadi Johan Cruyff",
    "lat": 41.3478,
    "lon": 2.0750,
    "team": "Barcelona"
  },
  {
    "stadium_name": "Bernabéu",
    "lat": 40.4531,
    "lon": -3.6883,
    "team": "Real Madrid"
  },
  {
    "stadium_name": "Estadio Riyadh Air Metropolitano",
    "lat": 40.4361,
    "lon": -3.5994,
    "team": "Atlético Madrid"
  },
  {
    "stadium_name": "Allianz Arena",
    "lat": 48.2188,
    "lon": 11.6247,
    "team": "Bayern Munich"
  },
  {
    "stadium_name": "Signal Iduna Park",
    "lat": 51.4926,
    "lon": 7.4519,
    "team": "Borussia Dortmund"
  },
  {
    "stadium_name": "San Siro",
    "lat": 45.4781,
    "lon": 9.1239,
    "team": "AC Milan / Inter Milan"
  },
  {
    "stadium_name": "Juventus Stadium",
    "lat": 45.1096,
    "lon": 7.6413,
    "team": "Juventus"
  },
  {
    "stadium_name": "Estadio da Luz",
    "lat": 38.7527,
    "lon": -9.1847,
    "team": "Benfica"
  },
  {
    "stadium_name": "Parc des Princes",
    "lat": 48.8414,
    "lon": 2.2530,
    "team": "Paris Saint-Germain"
  },
  {
    "stadium_name": "Estadio Azteca",
    "lat": 19.3029,
    "lon": -99.1504,
    "team": "Club América"
  },
  {
    "stadium_name": "Maracanã",
    "lat": -22.9121,
    "lon": -43.2302,
    "team": "Flamengo / Brazil National Team"
  },
  {
    "stadium_name": "Wembley Stadium",
    "lat": 51.5560,
    "lon": -0.2795,
    "team": "England National Team"
  },
  {
    "stadium_name": "Estadio Monumental",
    "lat": -34.5453,
    "lon": -58.4497,
    "team": "River Plate"
  },
  {
    "stadium_name": "La Bombonera",
    "lat": -34.6356,
    "lon": -58.3647,
    "team": "Boca Juniors"
  },
  {
    "stadium_name": "Estadio Centenario",
    "lat": -34.8947,
    "lon": -56.1528,
    "team": "Peñarol / Uruguay National Team"
  },
  {
    "stadium_name": "Estadio Do Dragão",
    "lat": 41.1617,
    "lon": -8.5836,
    "team": "Porto"
  },
  {
    "stadium_name": "Campo de Fútbol de Mendizorrotza",
    "lat": 42.8378,
    "lon": -2.6844,
    "team": "Alavés"
  },
  {
    "stadium_name": "Estadio San Mamés",
    "lat": 43.2641,
    "lon": -2.9494,
    "team": "Athletic Bilbao"
  },
  {
    "stadium_name": "Estadio Municipal de Balaídos",
    "lat": 42.2118,
    "lon": -8.7394,
    "team": "Celta Vigo"
  },
  {
    "stadium_name": "Estadio Manuel Martínez Valero",
    "lat": 38.2667,
    "lon": -0.6833,
    "team": "Elche"
  },
  {
    "stadium_name": "RCDE Stadium",
    "lat": 41.3472,
    "lon": 2.0750,
    "team": "Espanyol"
  },
  {
    "stadium_name": "Estadio Coliseum Alfonso Pérez",
    "lat": 40.3256,
    "lon": -3.7147,
    "team": "Getafe"
  },
  {
    "stadium_name": "Estadi Municipal de Montilivi",
    "lat": 41.9614,
    "lon": 2.8244,
    "team": "Girona"
  },
  {
    "stadium_name": "Estadi Ciutat de València",
    "lat": 39.4944,
    "lon": -0.3639,
    "team": "Levante"
  },
  {
    "stadium_name": "Estadi Mallorca Son Moix",
    "lat": 39.5894,
    "lon": 2.6308,
    "team": "Mallorca"
  },
  {
    "stadium_name": "Estadio El Sadar",
    "lat": 42.7967,
    "lon": -1.6375,
    "team": "Osasuna"
  },
  {
    "stadium_name": "Estadio Carlos Tartiere",
    "lat": 43.3625,
    "lon": -5.8558,
    "team": "Oviedo"
  },
  {
    "stadium_name": "Estadio de Vallecas",
    "lat": 40.3911,
    "lon": -3.6589,
    "team": "Rayo Vallecano"
  },
  {
    "stadium_name": "Estadio Benito Villamarín",
    "lat": 37.3564,
    "lon": -5.9817,
    "team": "Real Betis"
  },
  {
    "stadium_name": "Reale Arena",
    "lat": 43.3014,
    "lon": -1.9736,
    "team": "Real Sociedad"
  },
  {
    "stadium_name": "Estadio Ramón Sánchez-Pizjuán",
    "lat": 37.3842,
    "lon": -5.9700,
    "team": "Sevilla"
  },
  {
    "stadium_name": "Mestalla",
    "lat": 39.4747,
    "lon": -0.3583,
    "team": "Valencia"
  },
  {
    "stadium_name": "Estadio de la Cerámica",
    "lat": 39.9444,
    "lon": -0.1039,
    "team": "Villarreal"
  },
  {
    "stadium_name": "Allianz Field",
    "lat": 44.95278,
    "lon": -93.16500,
    "team": "Minnesota United FC"
  },
  {
    "stadium_name": "America First Field",
    "lat": 40.582923,
    "lon": -111.893156,
    "team": "Real Salt Lake"
  },
  {
    "stadium_name": "Audi Field",
    "lat": 38.86833,
    "lon": -77.01222,
    "team": "D.C. United"
  },
  {
    "stadium_name": "Bank of America Stadium",
    "lat": 35.22583,
    "lon": -80.85278,
    "team": "Charlotte FC"
  },
  {
    "stadium_name": "BC Place",
    "lat": 49.27694,
    "lon": -123.11222,
    "team": "Vancouver Whitecaps FC"
  },
  {
    "stadium_name": "BMO Stadium",
    "lat": 34.01444,
    "lon": -118.28444,
    "team": "Los Angeles FC"
  },
  {
    "stadium_name": "Children's Mercy Park",
    "lat": 39.12139,
    "lon": -94.82278,
    "team": "Sporting Kansas City"
  },
  {
    "stadium_name": "Dick's Sporting Goods Park",
    "lat": 39.80556,
    "lon": -104.89194,
    "team": "Colorado Rapids"
  },
  {
    "stadium_name": "Dignity Health Sports Park",
    "lat": 33.86444,
    "lon": -118.26111,
    "team": "LA Galaxy"
  },
  {
    "stadium_name": "Energizer Park",
    "lat": 28.54167,
    "lon": -81.38917,
    "team": "Orlando City SC"
  },
  {
    "stadium_name": "Gillette Stadium",
    "lat": 42.09111,
    "lon": -71.26417,
    "team": "New England Revolution"
  },
  {
    "stadium_name": "Inter&Co Stadium",
    "lat": 40.75000,
    "lon": -74.15083,
    "team": "New York City FC"
  },
  {
    "stadium_name": "Lumen Field",
    "lat": 47.59500,
    "lon": -122.33194,
    "team": "Seattle Sounders FC"
  },
  {
    "stadium_name": "Mercedes-Benz Stadium",
    "lat": 33.75500,
    "lon": -84.40083,
    "team": "Atlanta United FC"
  },
  {
    "stadium_name": "PayPal Park",
    "lat": 37.35139,
    "lon": -121.92444,
    "team": "San Jose Earthquakes"
  },
  {
    "stadium_name": "Providence Park",
    "lat": 45.52139,
    "lon": -122.69167,
    "team": "Portland Timbers"
  },
  {
    "stadium_name": "Q2 Stadium",
    "lat": 30.32750,
    "lon": -97.71944,
    "team": "Austin FC"
  },
  {
    "stadium_name": "Saputo Stadium",
    "lat": 45.56389,
    "lon": -73.55250,
    "team": "CF Montréal"
  },
  {
    "stadium_name": "Scotts Miracle-Gro Field",
    "lat": 40.00972,
    "lon": -83.01944,
    "team": "Columbus Crew SC"
  },
  {
    "stadium_name": "Shell Energy Stadium",
    "lat": 29.75250,
    "lon": -95.35278,
    "team": "Houston Dynamo FC"
  },
  {
    "stadium_name": "Snapdragon Stadium",
    "lat": 32.78333,
    "lon": -117.12222,
    "team": "San Diego FC"
  },
  {
    "stadium_name": "Soldier Field",
    "lat": 41.86250,
    "lon": -87.61667,
    "team": "Chicago Fire FC"
  },
  {
    "stadium_name": "Sports Illustrated Stadium",
    "lat": 36.16611,
    "lon": -86.77111,
    "team": "Nashville SC"
  },
  {
    "stadium_name": "Subaru Park",
    "lat": 39.83278,
    "lon": -75.37833,
    "team": "Philadelphia Union"
  },
  {
    "stadium_name": "TQL Stadium",
    "lat": 39.09444,
    "lon": -84.50944,
    "team": "FC Cincinnati"
  },
  {
    "stadium_name": "Toyota Stadium",
    "lat": 33.15417,
    "lon": -96.83500,
    "team": "FC Dallas"
  },
  {
    "stadium_name": "Yankee Stadium",
    "lat": 40.82917,
    "lon": -73.92639,
    "team": "New York City FC"
  },
  {
    "stadium_name": "BMO Field",
    "lat": 43.63333,
    "lon": -79.41833,
    "team": "Toronto FC"
  },
  {
    "stadium_name": "Chase Stadium",
    "lat": 26.19083,
    "lon": -80.15917,
    "team": "Inter Miami CF"
  },
  {
    "stadium_name": "Geodis Park",
    "lat": 36.16611,
    "lon": -86.77111,
    "team": "Nashville SC"
  },
  {
    "stadium_name": "El Cilindro",
    "lat": -34.667556,
    "lon": -58.368583,
    "team": "Racing Club"
  }
]
